"country","country","country","country","country","country","country"
"Cameroon","Cameroon","Cameroon","Cameroon","Cameroon","Cameroon","Cameroon"
"Cameroon","Cameroon","Cameroon","Cameroon","Cameroon","Cameroon","Cameroon"
"Cameroon","Cameroon","Cameroon","Cameroon","Cameroon","Cameroon","Cameroon"
"Cameroon","Cameroon","Cameroon","Cameroon","Cameroon","Cameroon","Cameroon"
"Cameroon","Cameroon","Cameroon","Cameroon","Cameroon","Cameroon","Cameroon"
"Cameroon","Cameroon","Cameroon","Cameroon","Cameroon","Cameroon","Cameroon"
"Ethiopia","Ethiopia","Ethiopia","Ethiopia","Ethiopia","Ethiopia","Ethiopia"
"Ethiopia","Ethiopia","Ethiopia","Ethiopia","Ethiopia","Ethiopia","Ethiopia"
"Kenya","Kenya","Kenya","Kenya","Kenya","Kenya","Kenya"
"Kenya","Kenya","Kenya","Kenya","Kenya","Kenya","Kenya"
"Kenya","Kenya","Kenya","Kenya","Kenya","Kenya","Kenya"
"Kenya","Kenya","Kenya","Kenya","Kenya","Kenya","Kenya"
"Kenya","Kenya","Kenya","Kenya","Kenya","Kenya","Kenya"
"Kenya","Kenya","Kenya","Kenya","Kenya","Kenya","Kenya"
"Kenya","Kenya","Kenya","Kenya","Kenya","Kenya","Kenya"
"Kenya","Kenya","Kenya","Kenya","Kenya","Kenya","Kenya"
"Kenya","Kenya","Kenya","Kenya","Kenya","Kenya","Kenya"
"Kenya","Kenya","Kenya","Kenya","Kenya","Kenya","Kenya"
"Kenya","Kenya","Kenya","Kenya","Kenya","Kenya","Kenya"
"Kenya","Kenya","Kenya","Kenya","Kenya","Kenya","Kenya"
"Kenya","Kenya","Kenya","Kenya","Kenya","Kenya","Kenya"
"Kenya","Kenya","Kenya","Kenya","Kenya","Kenya","Kenya"
"Kenya","Kenya","Kenya","Kenya","Kenya","Kenya","Kenya"
"Kenya","Kenya","Kenya","Kenya","Kenya","Kenya","Kenya"
"Kenya","Kenya","Kenya","Kenya","Kenya","Kenya","Kenya"
"Kenya","Kenya","Kenya","Kenya","Kenya","Kenya","Kenya"
"Kenya","Kenya","Kenya","Kenya","Kenya","Kenya","Kenya"
"Kenya","Kenya","Kenya","Kenya","Kenya","Kenya","Kenya"
"Kenya","Kenya","Kenya","Kenya","Kenya","Kenya","Kenya"
"Kenya","Kenya","Kenya","Kenya","Kenya","Kenya","Kenya"
"Kenya","Kenya","Kenya","Kenya","Kenya","Kenya","Kenya"
"Kenya","Kenya","Kenya","Kenya","Kenya","Kenya","Kenya"
"Kenya","Kenya","Kenya","Kenya","Kenya","Kenya","Kenya"
"Kenya","Kenya","Kenya","Kenya","Kenya","Kenya","Kenya"
"Kenya","Kenya","Kenya","Kenya","Kenya","Kenya","Kenya"
"Kenya","Kenya","Kenya","Kenya","Kenya","Kenya","Kenya"
"Kenya","Kenya","Kenya","Kenya","Kenya","Kenya","Kenya"
"Kenya","Kenya","Kenya","Kenya","Kenya","Kenya","Kenya"
"Kenya","Kenya","Kenya","Kenya","Kenya","Kenya","Kenya"
"Kenya","Kenya","Kenya","Kenya","Kenya","Kenya","Kenya"
"Kenya","Kenya","Kenya","Kenya","Kenya","Kenya","Kenya"
"Kenya","Kenya","Kenya","Kenya","Kenya","Kenya","Kenya"
"Kenya","Kenya","Kenya","Kenya","Kenya","Kenya","Kenya"
"Kenya","Kenya","Kenya","Kenya","Kenya","Kenya","Kenya"
"Kenya","Kenya","Kenya","Kenya","Kenya","Kenya","Kenya"
"Kenya","Kenya","Kenya","Kenya","Kenya","Kenya","Kenya"
"Kenya","Kenya","Kenya","Kenya","Kenya","Kenya","Kenya"
"Kenya","Kenya","Kenya","Kenya","Kenya","Kenya","Kenya"
"Kenya","Kenya","Kenya","Kenya","Kenya","Kenya","Kenya"
"Kenya","Kenya","Kenya","Kenya","Kenya","Kenya","Kenya"
"Kenya","Kenya","Kenya","Kenya","Kenya","Kenya","Kenya"
"Kenya","Kenya","Kenya","Kenya","Kenya","Kenya","Kenya"
"Kenya","Kenya","Kenya","Kenya","Kenya","Kenya","Kenya"
"Kenya","Kenya","Kenya","Kenya","Kenya","Kenya","Kenya"
"Kenya","Kenya","Kenya","Kenya","Kenya","Kenya","Kenya"
"Kenya","Kenya","Kenya","Kenya","Kenya","Kenya","Kenya"
"Kenya","Kenya","Kenya","Kenya","Kenya","Kenya","Kenya"
"Kenya","Kenya","Kenya","Kenya","Kenya","Kenya","Kenya"
"Kenya","Kenya","Kenya","Kenya","Kenya","Kenya","Kenya"
"Kenya","Kenya","Kenya","Kenya","Kenya","Kenya","Kenya"
"Kenya","Kenya","Kenya","Kenya","Kenya","Kenya","Kenya"
"Kenya","Kenya","Kenya","Kenya","Kenya","Kenya","Kenya"
"Kenya","Kenya","Kenya","Kenya","Kenya","Kenya","Kenya"
"Kenya","Kenya","Kenya","Kenya","Kenya","Kenya","Kenya"
"Kenya","Kenya","Kenya","Kenya","Kenya","Kenya","Kenya"
"Kenya","Kenya","Kenya","Kenya","Kenya","Kenya","Kenya"
"Kenya","Kenya","Kenya","Kenya","Kenya","Kenya","Kenya"
"Kenya","Kenya","Kenya","Kenya","Kenya","Kenya","Kenya"
"Kenya","Kenya","Kenya","Kenya","Kenya","Kenya","Kenya"
"Kenya","Kenya","Kenya","Kenya","Kenya","Kenya","Kenya"
"Kenya","Kenya","Kenya","Kenya","Kenya","Kenya","Kenya"
"Kenya","Kenya","Kenya","Kenya","Kenya","Kenya","Kenya"
"Kenya","Kenya","Kenya","Kenya","Kenya","Kenya","Kenya"
"Kenya","Kenya","Kenya","Kenya","Kenya","Kenya","Kenya"
"Kenya","Kenya","Kenya","Kenya","Kenya","Kenya","Kenya"
"Kenya","Kenya","Kenya","Kenya","Kenya","Kenya","Kenya"
"Kenya","Kenya","Kenya","Kenya","Kenya","Kenya","Kenya"
"Mozambique","Mozambique","Mozambique","Mozambique","Mozambique","Mozambique","Mozambique"
"Mozambique","Mozambique","Mozambique","Mozambique","Mozambique","Mozambique","Mozambique"
"Mozambique","Mozambique","Mozambique","Mozambique","Mozambique","Mozambique","Mozambique"
"Mozambique","Mozambique","Mozambique","Mozambique","Mozambique","Mozambique","Mozambique"
"Mozambique","Mozambique","Mozambique","Mozambique","Mozambique","Mozambique","Mozambique"
"Mozambique","Mozambique","Mozambique","Mozambique","Mozambique","Mozambique","Mozambique"
"Mozambique","Mozambique","Mozambique","Mozambique","Mozambique","Mozambique","Mozambique"
"Mozambique","Mozambique","Mozambique","Mozambique","Mozambique","Mozambique","Mozambique"
"Mozambique","Mozambique","Mozambique","Mozambique","Mozambique","Mozambique","Mozambique"
"Mozambique","Mozambique","Mozambique","Mozambique","Mozambique","Mozambique","Mozambique"
"Mozambique","Mozambique","Mozambique","Mozambique","Mozambique","Mozambique","Mozambique"
"Mozambique","Mozambique","Mozambique","Mozambique","Mozambique","Mozambique","Mozambique"
"Mozambique","Mozambique","Mozambique","Mozambique","Mozambique","Mozambique","Mozambique"
"Mozambique","Mozambique","Mozambique","Mozambique","Mozambique","Mozambique","Mozambique"
"Mozambique","Mozambique","Mozambique","Mozambique","Mozambique","Mozambique","Mozambique"
"Mozambique","Mozambique","Mozambique","Mozambique","Mozambique","Mozambique","Mozambique"
"Mozambique","Mozambique","Mozambique","Mozambique","Mozambique","Mozambique","Mozambique"
"Senegal","Senegal","Senegal","Senegal","Senegal","Senegal","Senegal"
"Tanzania","Tanzania","Tanzania","Tanzania","Tanzania","Tanzania","Tanzania"
"Tanzania","Tanzania","Tanzania","Tanzania","Tanzania","Tanzania","Tanzania"
"Tanzania","Tanzania","Tanzania","Tanzania","Tanzania","Tanzania","Tanzania"
"Tanzania","Tanzania","Tanzania","Tanzania","Tanzania","Tanzania","Tanzania"
"Tanzania","Tanzania","Tanzania","Tanzania","Tanzania","Tanzania","Tanzania"
"Uganda","Uganda","Uganda","Uganda","Uganda","Uganda","Uganda"
"Uganda","Uganda","Uganda","Uganda","Uganda","Uganda","Uganda"
"Uganda","Uganda","Uganda","Uganda","Uganda","Uganda","Uganda"
"Uganda","Uganda","Uganda","Uganda","Uganda","Uganda","Uganda"
"Uganda","Uganda","Uganda","Uganda","Uganda","Uganda","Uganda"
"Uganda","Uganda","Uganda","Uganda","Uganda","Uganda","Uganda"
"Uganda","Uganda","Uganda","Uganda","Uganda","Uganda","Uganda"
"Uganda","Uganda","Uganda","Uganda","Uganda","Uganda","Uganda"
"Uganda","Uganda","Uganda","Uganda","Uganda","Uganda","Uganda"
"Uganda","Uganda","Uganda","Uganda","Uganda","Uganda","Uganda"
"Uganda","Uganda","Uganda","Uganda","Uganda","Uganda","Uganda"
"Uganda","Uganda","Uganda","Uganda","Uganda","Uganda","Uganda"
"Uganda","Uganda","Uganda","Uganda","Uganda","Uganda","Uganda"
"Uganda","Uganda","Uganda","Uganda","Uganda","Uganda","Uganda"
"Uganda","Uganda","Uganda","Uganda","Uganda","Uganda","Uganda"
"China","China","China","China","China","China","China"
"China","China","China","China","China","China","China"
"China","China","China","China","China","China","China"
"China","China","China","China","China","China","China"
"China","China","China","China","China","China","China"
"China","China","China","China","China","China","China"
"China","China","China","China","China","China","China"
"China","China","China","China","China","China","China"
"Thailand","Thailand","Thailand","Thailand","Thailand","Thailand","Thailand"
"Thailand","Thailand","Thailand","Thailand","Thailand","Thailand","Thailand"
"Thailand","Thailand","Thailand","Thailand","Thailand","Thailand","Thailand"
"Thailand","Thailand","Thailand","Thailand","Thailand","Thailand","Thailand"
"Thailand","Thailand","Thailand","Thailand","Thailand","Thailand","Thailand"
"Thailand","Thailand","Thailand","Thailand","Thailand","Thailand","Thailand"
"Thailand","Thailand","Thailand","Thailand","Thailand","Thailand","Thailand"
"Thailand","Thailand","Thailand","Thailand","Thailand","Thailand","Thailand"
"Thailand","Thailand","Thailand","Thailand","Thailand","Thailand","Thailand"
"Thailand","Thailand","Thailand","Thailand","Thailand","Thailand","Thailand"
"Thailand","Thailand","Thailand","Thailand","Thailand","Thailand","Thailand"
"Thailand","Thailand","Thailand","Thailand","Thailand","Thailand","Thailand"
"Thailand","Thailand","Thailand","Thailand","Thailand","Thailand","Thailand"
"Thailand","Thailand","Thailand","Thailand","Thailand","Thailand","Thailand"
"Thailand","Thailand","Thailand","Thailand","Thailand","Thailand","Thailand"
"Guadeloupe","Guadeloupe","Guadeloupe","Guadeloupe","Guadeloupe","Guadeloupe","Guadeloupe"
"Guadeloupe","Guadeloupe","Guadeloupe","Guadeloupe","Guadeloupe","Guadeloupe","Guadeloupe"
"Guadeloupe","Guadeloupe","Guadeloupe","Guadeloupe","Guadeloupe","Guadeloupe","Guadeloupe"
"Guadeloupe","Guadeloupe","Guadeloupe","Guadeloupe","Guadeloupe","Guadeloupe","Guadeloupe"
"Puerto_Rico","Puerto_Rico","Puerto_Rico","Puerto_Rico","Puerto_Rico","Puerto_Rico","Puerto_Rico"
"USA","USA","USA","USA","USA","USA","USA"
"Fiji","Fiji","Fiji","Fiji","Fiji","Fiji","Fiji"
"Ecuador","Ecuador","Ecuador","Ecuador","Ecuador","Ecuador","Ecuador"
"Honduras","Honduras","Honduras","Honduras","Honduras","Honduras","Honduras"
"Honduras","Honduras","Honduras","Honduras","Honduras","Honduras","Honduras"
"Honduras","Honduras","Honduras","Honduras","Honduras","Honduras","Honduras"
"Honduras","Honduras","Honduras","Honduras","Honduras","Honduras","Honduras"
"Honduras","Honduras","Honduras","Honduras","Honduras","Honduras","Honduras"
"Honduras","Honduras","Honduras","Honduras","Honduras","Honduras","Honduras"
"Honduras","Honduras","Honduras","Honduras","Honduras","Honduras","Honduras"
"Honduras","Honduras","Honduras","Honduras","Honduras","Honduras","Honduras"
