"continent","continent","continent","continent","continent","continent","continent"
"Africa","Africa","Africa","Africa","Africa","Africa","Africa"
"Africa","Africa","Africa","Africa","Africa","Africa","Africa"
"Africa","Africa","Africa","Africa","Africa","Africa","Africa"
"Africa","Africa","Africa","Africa","Africa","Africa","Africa"
"Africa","Africa","Africa","Africa","Africa","Africa","Africa"
"Africa","Africa","Africa","Africa","Africa","Africa","Africa"
"Africa","Africa","Africa","Africa","Africa","Africa","Africa"
"Africa","Africa","Africa","Africa","Africa","Africa","Africa"
"Africa","Africa","Africa","Africa","Africa","Africa","Africa"
"Africa","Africa","Africa","Africa","Africa","Africa","Africa"
"Africa","Africa","Africa","Africa","Africa","Africa","Africa"
"Africa","Africa","Africa","Africa","Africa","Africa","Africa"
"Africa","Africa","Africa","Africa","Africa","Africa","Africa"
"Africa","Africa","Africa","Africa","Africa","Africa","Africa"
"Africa","Africa","Africa","Africa","Africa","Africa","Africa"
"Africa","Africa","Africa","Africa","Africa","Africa","Africa"
"Africa","Africa","Africa","Africa","Africa","Africa","Africa"
"Africa","Africa","Africa","Africa","Africa","Africa","Africa"
"Africa","Africa","Africa","Africa","Africa","Africa","Africa"
"Africa","Africa","Africa","Africa","Africa","Africa","Africa"
"Africa","Africa","Africa","Africa","Africa","Africa","Africa"
"Africa","Africa","Africa","Africa","Africa","Africa","Africa"
"Africa","Africa","Africa","Africa","Africa","Africa","Africa"
"Africa","Africa","Africa","Africa","Africa","Africa","Africa"
"Africa","Africa","Africa","Africa","Africa","Africa","Africa"
"Africa","Africa","Africa","Africa","Africa","Africa","Africa"
"Africa","Africa","Africa","Africa","Africa","Africa","Africa"
"Africa","Africa","Africa","Africa","Africa","Africa","Africa"
"Africa","Africa","Africa","Africa","Africa","Africa","Africa"
"Africa","Africa","Africa","Africa","Africa","Africa","Africa"
"Africa","Africa","Africa","Africa","Africa","Africa","Africa"
"Africa","Africa","Africa","Africa","Africa","Africa","Africa"
"Africa","Africa","Africa","Africa","Africa","Africa","Africa"
"Africa","Africa","Africa","Africa","Africa","Africa","Africa"
"Africa","Africa","Africa","Africa","Africa","Africa","Africa"
"Africa","Africa","Africa","Africa","Africa","Africa","Africa"
"Africa","Africa","Africa","Africa","Africa","Africa","Africa"
"Africa","Africa","Africa","Africa","Africa","Africa","Africa"
"Africa","Africa","Africa","Africa","Africa","Africa","Africa"
"Africa","Africa","Africa","Africa","Africa","Africa","Africa"
"Africa","Africa","Africa","Africa","Africa","Africa","Africa"
"Africa","Africa","Africa","Africa","Africa","Africa","Africa"
"Africa","Africa","Africa","Africa","Africa","Africa","Africa"
"Africa","Africa","Africa","Africa","Africa","Africa","Africa"
"Africa","Africa","Africa","Africa","Africa","Africa","Africa"
"Africa","Africa","Africa","Africa","Africa","Africa","Africa"
"Africa","Africa","Africa","Africa","Africa","Africa","Africa"
"Africa","Africa","Africa","Africa","Africa","Africa","Africa"
"Africa","Africa","Africa","Africa","Africa","Africa","Africa"
"Africa","Africa","Africa","Africa","Africa","Africa","Africa"
"Africa","Africa","Africa","Africa","Africa","Africa","Africa"
"Africa","Africa","Africa","Africa","Africa","Africa","Africa"
"Africa","Africa","Africa","Africa","Africa","Africa","Africa"
"Africa","Africa","Africa","Africa","Africa","Africa","Africa"
"Africa","Africa","Africa","Africa","Africa","Africa","Africa"
"Africa","Africa","Africa","Africa","Africa","Africa","Africa"
"Africa","Africa","Africa","Africa","Africa","Africa","Africa"
"Africa","Africa","Africa","Africa","Africa","Africa","Africa"
"Africa","Africa","Africa","Africa","Africa","Africa","Africa"
"Africa","Africa","Africa","Africa","Africa","Africa","Africa"
"Africa","Africa","Africa","Africa","Africa","Africa","Africa"
"Africa","Africa","Africa","Africa","Africa","Africa","Africa"
"Africa","Africa","Africa","Africa","Africa","Africa","Africa"
"Africa","Africa","Africa","Africa","Africa","Africa","Africa"
"Africa","Africa","Africa","Africa","Africa","Africa","Africa"
"Africa","Africa","Africa","Africa","Africa","Africa","Africa"
"Africa","Africa","Africa","Africa","Africa","Africa","Africa"
"Africa","Africa","Africa","Africa","Africa","Africa","Africa"
"Africa","Africa","Africa","Africa","Africa","Africa","Africa"
"Africa","Africa","Africa","Africa","Africa","Africa","Africa"
"Africa","Africa","Africa","Africa","Africa","Africa","Africa"
"Africa","Africa","Africa","Africa","Africa","Africa","Africa"
"Africa","Africa","Africa","Africa","Africa","Africa","Africa"
"Africa","Africa","Africa","Africa","Africa","Africa","Africa"
"Africa","Africa","Africa","Africa","Africa","Africa","Africa"
"Africa","Africa","Africa","Africa","Africa","Africa","Africa"
"Africa","Africa","Africa","Africa","Africa","Africa","Africa"
"Africa","Africa","Africa","Africa","Africa","Africa","Africa"
"Africa","Africa","Africa","Africa","Africa","Africa","Africa"
"Africa","Africa","Africa","Africa","Africa","Africa","Africa"
"Africa","Africa","Africa","Africa","Africa","Africa","Africa"
"Africa","Africa","Africa","Africa","Africa","Africa","Africa"
"Africa","Africa","Africa","Africa","Africa","Africa","Africa"
"Africa","Africa","Africa","Africa","Africa","Africa","Africa"
"Africa","Africa","Africa","Africa","Africa","Africa","Africa"
"Africa","Africa","Africa","Africa","Africa","Africa","Africa"
"Africa","Africa","Africa","Africa","Africa","Africa","Africa"
"Africa","Africa","Africa","Africa","Africa","Africa","Africa"
"Africa","Africa","Africa","Africa","Africa","Africa","Africa"
"Africa","Africa","Africa","Africa","Africa","Africa","Africa"
"Africa","Africa","Africa","Africa","Africa","Africa","Africa"
"Africa","Africa","Africa","Africa","Africa","Africa","Africa"
"Africa","Africa","Africa","Africa","Africa","Africa","Africa"
"Africa","Africa","Africa","Africa","Africa","Africa","Africa"
"Africa","Africa","Africa","Africa","Africa","Africa","Africa"
"Africa","Africa","Africa","Africa","Africa","Africa","Africa"
"Africa","Africa","Africa","Africa","Africa","Africa","Africa"
"Africa","Africa","Africa","Africa","Africa","Africa","Africa"
"Africa","Africa","Africa","Africa","Africa","Africa","Africa"
"Africa","Africa","Africa","Africa","Africa","Africa","Africa"
"Africa","Africa","Africa","Africa","Africa","Africa","Africa"
"Africa","Africa","Africa","Africa","Africa","Africa","Africa"
"Africa","Africa","Africa","Africa","Africa","Africa","Africa"
"Africa","Africa","Africa","Africa","Africa","Africa","Africa"
"Africa","Africa","Africa","Africa","Africa","Africa","Africa"
"Africa","Africa","Africa","Africa","Africa","Africa","Africa"
"Africa","Africa","Africa","Africa","Africa","Africa","Africa"
"Africa","Africa","Africa","Africa","Africa","Africa","Africa"
"Africa","Africa","Africa","Africa","Africa","Africa","Africa"
"Africa","Africa","Africa","Africa","Africa","Africa","Africa"
"Africa","Africa","Africa","Africa","Africa","Africa","Africa"
"Africa","Africa","Africa","Africa","Africa","Africa","Africa"
"Africa","Africa","Africa","Africa","Africa","Africa","Africa"
"Africa","Africa","Africa","Africa","Africa","Africa","Africa"
"Africa","Africa","Africa","Africa","Africa","Africa","Africa"
"Asia","Asia","Asia","Asia","Asia","Asia","Asia"
"Asia","Asia","Asia","Asia","Asia","Asia","Asia"
"Asia","Asia","Asia","Asia","Asia","Asia","Asia"
"Asia","Asia","Asia","Asia","Asia","Asia","Asia"
"Asia","Asia","Asia","Asia","Asia","Asia","Asia"
"Asia","Asia","Asia","Asia","Asia","Asia","Asia"
"Asia","Asia","Asia","Asia","Asia","Asia","Asia"
"Asia","Asia","Asia","Asia","Asia","Asia","Asia"
"Asia","Asia","Asia","Asia","Asia","Asia","Asia"
"Asia","Asia","Asia","Asia","Asia","Asia","Asia"
"Asia","Asia","Asia","Asia","Asia","Asia","Asia"
"Asia","Asia","Asia","Asia","Asia","Asia","Asia"
"Asia","Asia","Asia","Asia","Asia","Asia","Asia"
"Asia","Asia","Asia","Asia","Asia","Asia","Asia"
"Asia","Asia","Asia","Asia","Asia","Asia","Asia"
"Asia","Asia","Asia","Asia","Asia","Asia","Asia"
"Asia","Asia","Asia","Asia","Asia","Asia","Asia"
"Asia","Asia","Asia","Asia","Asia","Asia","Asia"
"Asia","Asia","Asia","Asia","Asia","Asia","Asia"
"Asia","Asia","Asia","Asia","Asia","Asia","Asia"
"Asia","Asia","Asia","Asia","Asia","Asia","Asia"
"Asia","Asia","Asia","Asia","Asia","Asia","Asia"
"Asia","Asia","Asia","Asia","Asia","Asia","Asia"
"North_America","North_America","North_America","North_America","North_America","North_America","North_America"
"North_America","North_America","North_America","North_America","North_America","North_America","North_America"
"North_America","North_America","North_America","North_America","North_America","North_America","North_America"
"North_America","North_America","North_America","North_America","North_America","North_America","North_America"
"North_America","North_America","North_America","North_America","North_America","North_America","North_America"
"North_America","North_America","North_America","North_America","North_America","North_America","North_America"
"Oceania","Oceania","Oceania","Oceania","Oceania","Oceania","Oceania"
"South_America","South_America","South_America","South_America","South_America","South_America","South_America"
"South_America","South_America","South_America","South_America","South_America","South_America","South_America"
"South_America","South_America","South_America","South_America","South_America","South_America","South_America"
"South_America","South_America","South_America","South_America","South_America","South_America","South_America"
"South_America","South_America","South_America","South_America","South_America","South_America","South_America"
"South_America","South_America","South_America","South_America","South_America","South_America","South_America"
"South_America","South_America","South_America","South_America","South_America","South_America","South_America"
"South_America","South_America","South_America","South_America","South_America","South_America","South_America"
"South_America","South_America","South_America","South_America","South_America","South_America","South_America"
